family	order	class	phylum	kingdom	realm
Abyssoviridae	Nidovirales	Pisoniviricetes	Pisuviricota	Orthornavirae	Riboviria
Ackermannviridae	Pantevenvirales	Caudoviricetes	Uroviricota	Heunggongvirae	Duplodnaviria
Adamaviridae	Rohanvirales	Arfiviricetes	Cressdnaviricota	Shotokuvirae	Floreoviria
Adenoviridae	Rowavirales	Pharingeaviricetes	Preplasmiviricota	Bamfordvirae	Varidnaviria
Aggregaviridae		Caudoviricetes	Uroviricota	Heunggongvirae	Duplodnaviria
Ahmunviridae	Maximonvirales	Tokiviricetes	Taleaviricota	Zilligvirae	Adnaviria
Ahpuchviridae	Nakonvirales	Caudoviricetes	Uroviricota	Heunggongvirae	Duplodnaviria
Aliceevansviridae		Caudoviricetes	Uroviricota	Heunggongvirae	Duplodnaviria
Alisviridae		Caudoviricetes	Uroviricota	Heunggongvirae	Duplodnaviria
Aliusviridae	Jingchuvirales	Monjiviricetes	Negarnaviricota	Orthornavirae	Riboviria
Alloherpesviridae	Herpesvirales	Herviviricetes	Peploviricota	Heunggongvirae	Duplodnaviria
Allomimiviridae	Imitervirales	Megaviricetes	Nucleocytoviricota	Bamfordvirae	Varidnaviria
Alphaflexiviridae	Tymovirales	Alsuviricetes	Kitrinoviricota	Orthornavirae	Riboviria
Alphagokushoviridae	Gokushovirales	Microviricetes	Phixviricota	Sangervirae	Volvereviria
Alphaormycoviridae	Bormycovirales	Orpoviricetes		Orthornavirae	Riboviria
Alphasatellitidae					
Alphatetraviridae	Hepelivirales	Alsuviricetes	Kitrinoviricota	Orthornavirae	Riboviria
Alternaviridae	Ghabrivirales	Chrymotiviricetes	Duplornaviricota	Orthornavirae	Riboviria
Altumviridae		Caudoviricetes	Uroviricota	Heunggongvirae	Duplodnaviria
Alvernaviridae	Sobelivirales	Pisoniviricetes	Pisuviricota	Orthornavirae	Riboviria
Amalgaviridae	Durnavirales	Duplopiviricetes	Pisuviricota	Orthornavirae	Riboviria
Ambiguiviridae	Tolivirales	Tolucaviricetes	Kitrinoviricota	Orthornavirae	Riboviria
Amesuviridae	Mulpavirales	Arfiviricetes	Cressdnaviricota	Shotokuvirae	Floreoviria
Amnoonviridae	Articulavirales	Insthoviricetes	Negarnaviricota	Orthornavirae	Riboviria
Ampullaviridae					
Anaerodiviridae	Methanobavirales	Caudoviricetes	Uroviricota	Heunggongvirae	Duplodnaviria
Anamaviridae		Caudoviricetes	Uroviricota	Heunggongvirae	Duplodnaviria
Andersonviridae		Caudoviricetes	Uroviricota	Heunggongvirae	Duplodnaviria
Anelloviridae	Sanitavirales	Cardeaviricetes	Commensaviricota	Shotokuvirae	Floreoviria
Anicreviridae	Mulpavirales	Arfiviricetes	Cressdnaviricota	Shotokuvirae	Floreoviria
Aoguangviridae	Magrovirales	Caudoviricetes	Uroviricota	Heunggongvirae	Duplodnaviria
Apasviridae	Magrovirales	Caudoviricetes	Uroviricota	Heunggongvirae	Duplodnaviria
Arenaviridae	Hareavirales	Bunyaviricetes	Negarnaviricota	Orthornavirae	Riboviria
Arenbergviridae		Caudoviricetes	Uroviricota	Heunggongvirae	Duplodnaviria
Armatusviridae	Methanobavirales	Caudoviricetes	Uroviricota	Heunggongvirae	Duplodnaviria
Arteriviridae	Nidovirales	Pisoniviricetes	Pisuviricota	Orthornavirae	Riboviria
Artiviridae	Ghabrivirales	Chrymotiviricetes	Duplornaviricota	Orthornavirae	Riboviria
Artoviridae	Mononegavirales	Monjiviricetes	Negarnaviricota	Orthornavirae	Riboviria
Ascoviridae	Pimascovirales	Megaviricetes	Nucleocytoviricota	Bamfordvirae	Varidnaviria
Asemoviridae	Vinavirales	Belvinaviricetes	Produgelaviricota	Abadenavirae	Varidnaviria
Asfarviridae	Asfuvirales	Pokkesviricetes	Nucleocytoviricota	Bamfordvirae	Varidnaviria
Aspiviridae	Naedrevirales	Milneviricetes	Negarnaviricota	Orthornavirae	Riboviria
Assalcaviridae		Caudoviricetes	Uroviricota	Heunggongvirae	Duplodnaviria
Assiduviridae		Caudoviricetes	Uroviricota	Heunggongvirae	Duplodnaviria
Astroviridae	Stellavirales	Stelpaviricetes	Pisuviricota	Orthornavirae	Riboviria
Atkinsviridae	Norzivirales	Leviviricetes	Lenarviricota	Orthornavirae	Riboviria
Autolykiviridae	Vinavirales	Belvinaviricetes	Produgelaviricota	Abadenavirae	Varidnaviria
Autonotataviridae	Autographivirales	Caudoviricetes	Uroviricota	Heunggongvirae	Duplodnaviria
Autoscriptoviridae	Autographivirales	Caudoviricetes	Uroviricota	Heunggongvirae	Duplodnaviria
Autosignataviridae	Autographivirales	Caudoviricetes	Uroviricota	Heunggongvirae	Duplodnaviria
Autotranscriptaviridae	Autographivirales	Caudoviricetes	Uroviricota	Heunggongvirae	Duplodnaviria
Avsunviroidae					
Bacilladnaviridae	Baphyvirales	Arfiviricetes	Cressdnaviricota	Shotokuvirae	Floreoviria
Baculoviridae	Lefavirales	Naldaviricetes			
Barnaviridae	Sobelivirales	Pisoniviricetes	Pisuviricota	Orthornavirae	Riboviria
Bartogtaviriformidae					
Basaltiviridae					
Belpaoviridae	Ortervirales	Revtraviricetes	Artverviricota	Pararnavirae	Riboviria
Benyviridae	Hepelivirales	Alsuviricetes	Kitrinoviricota	Orthornavirae	Riboviria
Berryhillviridae		Caudoviricetes	Uroviricota	Heunggongvirae	Duplodnaviria
Betaflexiviridae	Tymovirales	Alsuviricetes	Kitrinoviricota	Orthornavirae	Riboviria
Betagokushoviridae	Gokushovirales	Microviricetes	Phixviricota	Sangervirae	Volvereviria
Betaormycoviridae	Formycovirales	Orpoviricetes		Orthornavirae	Riboviria
Bicaudaviridae					
Bidnaviridae	Polivirales	Mouviricetes	Cossaviricota	Shotokuvirae	Floreoviria
Birnaviridae				Orthornavirae	Riboviria
Blefusviridae		Caudoviricetes	Uroviricota	Heunggongvirae	Duplodnaviria
Blumeviridae	Timlovirales	Leviviricetes	Lenarviricota	Orthornavirae	Riboviria
Bornaviridae	Mononegavirales	Monjiviricetes	Negarnaviricota	Orthornavirae	Riboviria
Botourmiaviridae	Ourlivirales	Miaviricetes	Lenarviricota	Orthornavirae	Riboviria
Botybirnaviridae	Ghabrivirales	Chrymotiviricetes	Duplornaviricota	Orthornavirae	Riboviria
Brachygtaviriformidae					
Bromoviridae	Martellivirales	Alsuviricetes	Kitrinoviricota	Orthornavirae	Riboviria
Buchnerviridae		Caudoviricetes	Uroviricota	Heunggongvirae	Duplodnaviria
Burtonviroviridae	Priklausovirales	Virophaviricetes	Preplasmiviricota	Bamfordvirae	Varidnaviria
Caliciviridae	Picornavirales	Pisoniviricetes	Pisuviricota	Orthornavirae	Riboviria
Carmotetraviridae	Tolivirales	Tolucaviricetes	Kitrinoviricota	Orthornavirae	Riboviria
Casidaviridae		Caudoviricetes	Uroviricota	Heunggongvirae	Duplodnaviria
Casjensviridae		Caudoviricetes	Uroviricota	Heunggongvirae	Duplodnaviria
Caulimoviridae	Ortervirales	Revtraviricetes	Artverviricota	Pararnavirae	Riboviria
Chaacviridae	Coyopavirales	Belvinaviricetes	Produgelaviricota	Abadenavirae	Varidnaviria
Chaseviridae		Caudoviricetes	Uroviricota	Heunggongvirae	Duplodnaviria
Chicoviridae	Secretvirales	Microviricetes	Phixviricota	Sangervirae	Volvereviria
Chimalliviridae		Caudoviricetes	Uroviricota	Heunggongvirae	Duplodnaviria
Chiyouviridae	Ligamenvirales	Tokiviricetes	Taleaviricota	Zilligvirae	Adnaviria
Chrysoviridae	Ghabrivirales	Chrymotiviricetes	Duplornaviricota	Orthornavirae	Riboviria
Chuviridae	Jingchuvirales	Monjiviricetes	Negarnaviricota	Orthornavirae	Riboviria
Circoviridae	Cirlivirales	Arfiviricetes	Cressdnaviricota	Shotokuvirae	Floreoviria
Clavaviridae					
Clermontviridae		Caudoviricetes	Uroviricota	Heunggongvirae	Duplodnaviria
Closteroviridae	Martellivirales	Alsuviricetes	Kitrinoviricota	Orthornavirae	Riboviria
Colingsworthviridae		Caudoviricetes	Uroviricota	Heunggongvirae	Duplodnaviria
Connertonviridae		Caudoviricetes	Uroviricota	Heunggongvirae	Duplodnaviria
Coronaviridae	Nidovirales	Pisoniviricetes	Pisuviricota	Orthornavirae	Riboviria
Corticoviridae	Vinavirales	Belvinaviricetes	Produgelaviricota	Abadenavirae	Varidnaviria
Cremegaviridae	Nidovirales	Pisoniviricetes	Pisuviricota	Orthornavirae	Riboviria
Crepuscuviridae	Jingchuvirales	Monjiviricetes	Negarnaviricota	Orthornavirae	Riboviria
Crevaviridae	Crassvirales	Caudoviricetes	Uroviricota	Heunggongvirae	Duplodnaviria
Cruliviridae	Elliovirales	Bunyaviricetes	Negarnaviricota	Orthornavirae	Riboviria
Curvulaviridae	Durnavirales	Duplopiviricetes	Pisuviricota	Orthornavirae	Riboviria
Cystoviridae	Mindivirales	Vidaverviricetes	Duplornaviricota	Orthornavirae	Riboviria
Dallocaviridae		Caudoviricetes	Uroviricota	Heunggongvirae	Duplodnaviria
Danacaviridae		Caudoviricetes	Uroviricota	Heunggongvirae	Duplodnaviria
Darmviridae	Crassvirales	Caudoviricetes	Uroviricota	Heunggongvirae	Duplodnaviria
Deltaflexiviridae	Tymovirales	Alsuviricetes	Kitrinoviricota	Orthornavirae	Riboviria
Deltaormycoviridae	Bormycovirales	Orpoviricetes		Orthornavirae	Riboviria
Demerecviridae		Caudoviricetes	Uroviricota	Heunggongvirae	Duplodnaviria
Dicistroviridae	Picornavirales	Pisoniviricetes	Pisuviricota	Orthornavirae	Riboviria
Discoviridae	Hareavirales	Bunyaviricetes	Negarnaviricota	Orthornavirae	Riboviria
Dishuiviroviridae	Priklausovirales	Virophaviricetes	Preplasmiviricota	Bamfordvirae	Varidnaviria
Draupnirviridae	Jormunvirales	Arfiviricetes	Cressdnaviricota	Shotokuvirae	Floreoviria
Drexlerviridae		Caudoviricetes	Uroviricota	Heunggongvirae	Duplodnaviria
Druskaviridae	Thumleimavirales	Caudoviricetes	Uroviricota	Heunggongvirae	Duplodnaviria
Duinviridae	Norzivirales	Leviviricetes	Lenarviricota	Orthornavirae	Riboviria
Dumbiviridae	Crytulvirales	Suforviricetes	Ambiviricota	Orthornavirae	Riboviria
Duneviridae		Caudoviricetes	Uroviricota	Heunggongvirae	Duplodnaviria
Ehrlichviridae		Caudoviricetes	Uroviricota	Heunggongvirae	Duplodnaviria
Ekchuahviridae	Nakonvirales	Caudoviricetes	Uroviricota	Heunggongvirae	Duplodnaviria
Endolinaviridae	Cirlivirales	Arfiviricetes	Cressdnaviricota	Shotokuvirae	Floreoviria
Endornaviridae	Martellivirales	Alsuviricetes	Kitrinoviricota	Orthornavirae	Riboviria
Epsomviridae	Grandevirales	Caudoviricetes	Uroviricota	Heunggongvirae	Duplodnaviria
Eubullaviridae	Bullavirales	Microviricetes	Phixviricota	Sangervirae	Volvereviria
Eupolintoviridae	Amphintovirales	Polintoviricetes	Preplasmiviricota	Bamfordvirae	Varidnaviria
Eurekaviridae					
Euroniviridae	Nidovirales	Pisoniviricetes	Pisuviricota	Orthornavirae	Riboviria
Felixviridae		Caudoviricetes	Uroviricota	Heunggongvirae	Duplodnaviria
Fervensviridae		Caudoviricetes	Uroviricota	Heunggongvirae	Duplodnaviria
Fiersviridae	Norzivirales	Leviviricetes	Lenarviricota	Orthornavirae	Riboviria
Filamentoviridae	Lefavirales	Naldaviricetes			
Filoviridae	Mononegavirales	Monjiviricetes	Negarnaviricota	Orthornavirae	Riboviria
Fimoviridae	Elliovirales	Bunyaviricetes	Negarnaviricota	Orthornavirae	Riboviria
Finnlakeviridae	Lautamovirales	Ainoaviricetes	Produgelaviricota	Abadenavirae	Varidnaviria
Flaviviridae	Amarillovirales	Flasuviricetes	Kitrinoviricota	Orthornavirae	Riboviria
Forsetiviridae		Caudoviricetes	Uroviricota	Heunggongvirae	Duplodnaviria
Fredfastierviridae		Caudoviricetes	Uroviricota	Heunggongvirae	Duplodnaviria
Fusagraviridae	Ghabrivirales	Chrymotiviricetes	Duplornaviricota	Orthornavirae	Riboviria
Fusariviridae	Hypofuvirales	Stelpaviricetes	Pisuviricota	Orthornavirae	Riboviria
Fuselloviridae					
Fuxiviridae		Caudoviricetes	Uroviricota	Heunggongvirae	Duplodnaviria
Gammaflexiviridae	Tymovirales	Alsuviricetes	Kitrinoviricota	Orthornavirae	Riboviria
Gammaormycoviridae	Formycovirales	Orpoviricetes		Orthornavirae	Riboviria
Gandrviridae	Gredzevirales	Arfiviricetes	Cressdnaviricota	Shotokuvirae	Floreoviria
Geminiviridae	Geplafuvirales	Repensiviricetes	Cressdnaviricota	Shotokuvirae	Floreoviria
Genomoviridae	Geplafuvirales	Repensiviricetes	Cressdnaviricota	Shotokuvirae	Floreoviria
Geplanaviridae	Geplafuvirales	Repensiviricetes	Cressdnaviricota	Shotokuvirae	Floreoviria
Giardiaviridae	Ghabrivirales	Chrymotiviricetes	Duplornaviricota	Orthornavirae	Riboviria
Globuloviridae					
Graaviviridae	Kirjokansivirales	Caudoviricetes	Uroviricota	Heunggongvirae	Duplodnaviria
Gresnaviridae	Nidovirales	Pisoniviricetes	Pisuviricota	Orthornavirae	Riboviria
Grimontviridae		Caudoviricetes	Uroviricota	Heunggongvirae	Duplodnaviria
Groupodiviridae	Gokushovirales	Microviricetes	Phixviricota	Sangervirae	Volvereviria
Guelinviridae		Caudoviricetes	Uroviricota	Heunggongvirae	Duplodnaviria
Gulliviridae		Caudoviricetes	Uroviricota	Heunggongvirae	Duplodnaviria
Gulliviroviridae	Priklausovirales	Virophaviricetes	Preplasmiviricota	Bamfordvirae	Varidnaviria
Guttaviridae					
Hadakaviridae	Xenadelphovirales	Mycopleornaviricetes	Pisuviricota	Orthornavirae	Riboviria
Hafunaviridae	Thumleimavirales	Caudoviricetes	Uroviricota	Heunggongvirae	Duplodnaviria
Hakuzoviridae	Divaquavirales	Furtirnaviricetes	Artimaviricota	Orthornavirae	Riboviria
Halicoviridae	Salinicovirales	Laserviricetes	Dividoviricota	Helvetiavirae	Singelaviria
Haloferuviridae	Kirjokansivirales	Caudoviricetes	Uroviricota	Heunggongvirae	Duplodnaviria
Halomagnusviridae	Thumleimavirales	Caudoviricetes	Uroviricota	Heunggongvirae	Duplodnaviria
Halspiviridae					
Hantaviridae	Elliovirales	Bunyaviricetes	Negarnaviricota	Orthornavirae	Riboviria
Helgolandviridae		Caudoviricetes	Uroviricota	Heunggongvirae	Duplodnaviria
Hepaciviridae	Amarillovirales	Flasuviricetes	Kitrinoviricota	Orthornavirae	Riboviria
Hepadnaviridae	Blubervirales	Revtraviricetes	Artverviricota	Pararnavirae	Riboviria
Hepeviridae	Hepelivirales	Alsuviricetes	Kitrinoviricota	Orthornavirae	Riboviria
Herelleviridae		Caudoviricetes	Uroviricota	Heunggongvirae	Duplodnaviria
Hirszfeldviridae		Caudoviricetes	Uroviricota	Heunggongvirae	Duplodnaviria
Hodgkinviridae		Caudoviricetes	Uroviricota	Heunggongvirae	Duplodnaviria
Huangdiviridae					
Hydriviridae	Pimascovirales	Megaviricetes	Nucleocytoviricota	Bamfordvirae	Varidnaviria
Hypoviridae	Hypofuvirales	Stelpaviricetes	Pisuviricota	Orthornavirae	Riboviria
Hytrosaviridae	Lefavirales	Naldaviricetes			
Iflaviridae	Picornavirales	Pisoniviricetes	Pisuviricota	Orthornavirae	Riboviria
Infernusviridae		Caudoviricetes	Uroviricota	Heunggongvirae	Duplodnaviria
Inoviridae	Tubulavirales	Faserviricetes	Hofneiviricota	Loebvirae	Efunaviria
Inseviridae	Ghabrivirales	Chrymotiviricetes	Duplornaviricota	Orthornavirae	Riboviria
Intestiviridae	Crassvirales	Caudoviricetes	Uroviricota	Heunggongvirae	Duplodnaviria
Iridoviridae	Pimascovirales	Megaviricetes	Nucleocytoviricota	Bamfordvirae	Varidnaviria
Itzamnaviridae					
Jasonviridae		Caudoviricetes	Uroviricota	Heunggongvirae	Duplodnaviria
Jeanschmidtviridae		Caudoviricetes	Uroviricota	Heunggongvirae	Duplodnaviria
Kairosviridae	Methanobavirales	Caudoviricetes	Uroviricota	Heunggongvirae	Duplodnaviria
Kanorauviridae	Saturnivirales	Arfiviricetes	Cressdnaviricota	Shotokuvirae	Floreoviria
Kidogoviridae	Roodoodoovirales	Microviricetes	Phixviricota	Sangervirae	Volvereviria
Kirkoviridae	Rohanvirales	Arfiviricetes	Cressdnaviricota	Shotokuvirae	Floreoviria
Kitaviridae	Martellivirales	Alsuviricetes	Kitrinoviricota	Orthornavirae	Riboviria
Kleczkowskaviridae		Caudoviricetes	Uroviricota	Heunggongvirae	Duplodnaviria
Kolmioviridae					Ribozyviria
Konkoviridae	Hareavirales	Bunyaviricetes	Negarnaviricota	Orthornavirae	Riboviria
Konodaiviridae		Caudoviricetes	Uroviricota	Heunggongvirae	Duplodnaviria
Krittikaviridae	Magrovirales	Caudoviricetes	Uroviricota	Heunggongvirae	Duplodnaviria
Kruegerviridae		Caudoviricetes	Uroviricota	Heunggongvirae	Duplodnaviria
Kunpengviridae		Caudoviricetes	Uroviricota	Heunggongvirae	Duplodnaviria
Kyanoviridae	Pantevenvirales	Caudoviricetes	Uroviricota	Heunggongvirae	Duplodnaviria
Lakviridae	Grandevirales	Caudoviricetes	Uroviricota	Heunggongvirae	Duplodnaviria
Lebotiviridae	Ghabrivirales	Chrymotiviricetes	Duplornaviricota	Orthornavirae	Riboviria
Leishbuviridae	Hareavirales	Bunyaviricetes	Negarnaviricota	Orthornavirae	Riboviria
Leisingerviridae	Methanobavirales	Caudoviricetes	Uroviricota	Heunggongvirae	Duplodnaviria
Liberviridae	Amoyvirales	Microviricetes	Phixviricota	Sangervirae	Volvereviria
Lilleviridae	Alpavirales	Microviricetes	Phixviricota	Sangervirae	Volvereviria
Lilliviridae		Caudoviricetes	Uroviricota	Heunggongvirae	Duplodnaviria
Lindbergviridae		Caudoviricetes	Uroviricota	Heunggongvirae	Duplodnaviria
Lipothrixviridae	Ligamenvirales	Tokiviricetes	Taleaviricota	Zilligvirae	Adnaviria
Lispiviridae	Mononegavirales	Monjiviricetes	Negarnaviricota	Orthornavirae	Riboviria
Litenviridae	Alpavirales	Microviricetes	Phixviricota	Sangervirae	Volvereviria
Litilviridae	Alpavirales	Microviricetes	Phixviricota	Sangervirae	Volvereviria
Lomiviridae					
Ludisviridae		Caudoviricetes	Uroviricota	Heunggongvirae	Duplodnaviria
Luriaviridae		Caudoviricetes	Uroviricota	Heunggongvirae	Duplodnaviria
Lutetiaviridae		Caudoviricetes	Uroviricota	Heunggongvirae	Duplodnaviria
Lutzviridae		Caudoviricetes	Uroviricota	Heunggongvirae	Duplodnaviria
Madisaviridae		Caudoviricetes	Uroviricota	Heunggongvirae	Duplodnaviria
Madridviridae		Caudoviricetes	Uroviricota	Heunggongvirae	Duplodnaviria
Mahapunaviridae	Saturnivirales	Arfiviricetes	Cressdnaviricota	Shotokuvirae	Floreoviria
Malacoherpesviridae	Herpesvirales	Herviviricetes	Peploviricota	Heunggongvirae	Duplodnaviria
Mamonoviridae		Megaviricetes	Nucleocytoviricota	Bamfordvirae	Varidnaviria
Mariniviridae		Caudoviricetes	Uroviricota	Heunggongvirae	Duplodnaviria
Marnaviridae	Picornavirales	Pisoniviricetes	Pisuviricota	Orthornavirae	Riboviria
Marseilleviridae	Pimascovirales	Megaviricetes	Nucleocytoviricota	Bamfordvirae	Varidnaviria
Matonaviridae	Hepelivirales	Alsuviricetes	Kitrinoviricota	Orthornavirae	Riboviria
Matsushitaviridae	Halopanivirales	Laserviricetes	Dividoviricota	Helvetiavirae	Singelaviria
Maviroviridae	Lavidavirales	Virophaviricetes	Preplasmiviricota	Bamfordvirae	Varidnaviria
Mayoviridae	Martellivirales	Alsuviricetes	Kitrinoviricota	Orthornavirae	Riboviria
Mazaviridae	Amoyvirales	Microviricetes	Phixviricota	Sangervirae	Volvereviria
Mazoviaviridae		Caudoviricetes	Uroviricota	Heunggongvirae	Duplodnaviria
Medioniviridae	Nidovirales	Pisoniviricetes	Pisuviricota	Orthornavirae	Riboviria
Megabirnaviridae	Ghabrivirales	Chrymotiviricetes	Duplornaviricota	Orthornavirae	Riboviria
Megatotiviridae	Ghabrivirales	Chrymotiviricetes	Duplornaviricota	Orthornavirae	Riboviria
Mesomimiviridae	Imitervirales	Megaviricetes	Nucleocytoviricota	Bamfordvirae	Varidnaviria
Mesoniviridae	Nidovirales	Pisoniviricetes	Pisuviricota	Orthornavirae	Riboviria
Mestraviridae	Vinavirales	Belvinaviricetes	Produgelaviricota	Abadenavirae	Varidnaviria
Mesyanzhinovviridae		Caudoviricetes	Uroviricota	Heunggongvirae	Duplodnaviria
Metaviridae	Ortervirales	Revtraviricetes	Artverviricota	Pararnavirae	Riboviria
Metaxyviridae	Mulpavirales	Arfiviricetes	Cressdnaviricota	Shotokuvirae	Floreoviria
Mimiviridae	Imitervirales	Megaviricetes	Nucleocytoviricota	Bamfordvirae	Varidnaviria
Mitoviridae	Cryppavirales	Howeltoviricetes	Lenarviricota	Orthornavirae	Riboviria
Molycolviridae		Caudoviricetes	Uroviricota	Heunggongvirae	Duplodnaviria
Monocitiviridae	Ghabrivirales	Chrymotiviricetes	Duplornaviricota	Orthornavirae	Riboviria
Mononiviridae	Nidovirales	Pisoniviricetes	Pisuviricota	Orthornavirae	Riboviria
Mtkvariviridae		Caudoviricetes	Uroviricota	Heunggongvirae	Duplodnaviria
Mycoalphaviridae	Hepelivirales	Alsuviricetes	Kitrinoviricota	Orthornavirae	Riboviria
Mymonaviridae	Mononegavirales	Monjiviricetes	Negarnaviricota	Orthornavirae	Riboviria
Mypoviridae	Hareavirales	Bunyaviricetes	Negarnaviricota	Orthornavirae	Riboviria
Myriaviridae	Jingchuvirales	Monjiviricetes	Negarnaviricota	Orthornavirae	Riboviria
Nairoviridae	Hareavirales	Bunyaviricetes	Negarnaviricota	Orthornavirae	Riboviria
Nanghoshaviridae	Nidovirales	Pisoniviricetes	Pisuviricota	Orthornavirae	Riboviria
Nanhypoviridae	Nidovirales	Pisoniviricetes	Pisuviricota	Orthornavirae	Riboviria
Nanicoviridae	Ducavirales	Laserviricetes	Dividoviricota	Helvetiavirae	Singelaviria
Nanopleoviridae	Haloruvirales	Huolimaviricetes	Saleviricota	Trapavirae	Pleomoviria
Nanoviridae	Mulpavirales	Arfiviricetes	Cressdnaviricota	Shotokuvirae	Floreoviria
Naomviridae		Caudoviricetes	Uroviricota	Heunggongvirae	Duplodnaviria
Narnaviridae	Wolframvirales	Amabiliviricetes	Lenarviricota	Orthornavirae	Riboviria
Naryaviridae	Rivendellvirales	Arfiviricetes	Cressdnaviricota	Shotokuvirae	Floreoviria
Natareviridae	Jingchuvirales	Monjiviricetes	Negarnaviricota	Orthornavirae	Riboviria
Nenyaviridae	Rohanvirales	Arfiviricetes	Cressdnaviricota	Shotokuvirae	Floreoviria
Nimaviridae		Naldaviricetes			
Nipumfusiviridae					
Nixviridae		Caudoviricetes	Uroviricota	Heunggongvirae	Duplodnaviria
Nodaviridae	Nodamuvirales	Magsaviricetes	Kitrinoviricota	Orthornavirae	Riboviria
Noraviridae	Picornavirales	Pisoniviricetes	Pisuviricota	Orthornavirae	Riboviria
Nudiviridae	Lefavirales	Naldaviricetes			
Nyamiviridae	Mononegavirales	Monjiviricetes	Negarnaviricota	Orthornavirae	Riboviria
Obscuriviridae					
Occultatumviridae	Secretvirales	Microviricetes	Phixviricota	Sangervirae	Volvereviria
Olifoviridae	Nidovirales	Pisoniviricetes	Pisuviricota	Orthornavirae	Riboviria
Omnilimnoviroviridae	Priklausovirales	Virophaviricetes	Preplasmiviricota	Bamfordvirae	Varidnaviria
Oomyviridae	Lineavirales	Arfiviricetes	Cressdnaviricota	Shotokuvirae	Floreoviria
Ootiviridae	Ghabrivirales	Chrymotiviricetes	Duplornaviricota	Orthornavirae	Riboviria
Orlajensenviridae		Caudoviricetes	Uroviricota	Heunggongvirae	Duplodnaviria
Orpheoviridae	Pimascovirales	Megaviricetes	Nucleocytoviricota	Bamfordvirae	Varidnaviria
Orthoherpesviridae	Herpesvirales	Herviviricetes	Peploviricota	Heunggongvirae	Duplodnaviria
Orthomyxoviridae	Articulavirales	Insthoviricetes	Negarnaviricota	Orthornavirae	Riboviria
Orthototiviridae	Ghabrivirales	Chrymotiviricetes	Duplornaviricota	Orthornavirae	Riboviria
Osikeviridae	Reekeekeevirales	Microviricetes	Phixviricota	Sangervirae	Volvereviria
Ourmiaviridae	Ourlivirales	Miaviricetes	Lenarviricota	Orthornavirae	Riboviria
Ouroboviridae	Gredzevirales	Arfiviricetes	Cressdnaviricota	Shotokuvirae	Floreoviria
Ovaliviridae					
Pachyviridae		Caudoviricetes	Uroviricota	Heunggongvirae	Duplodnaviria
Pamosaviridae	Tombendovirales				Riboviria
Papillomaviridae	Zurhausenvirales	Papovaviricetes	Cossaviricota	Shotokuvirae	Floreoviria
Parahypoviridae	Hypofuvirales	Stelpaviricetes	Pisuviricota	Orthornavirae	Riboviria
Paramyxoviridae	Mononegavirales	Monjiviricetes	Negarnaviricota	Orthornavirae	Riboviria
Parnassusviridae	Vinavirales	Belvinaviricetes	Produgelaviricota	Abadenavirae	Varidnaviria
Partitiviridae	Durnavirales	Duplopiviricetes	Pisuviricota	Orthornavirae	Riboviria
Parvoviridae	Piccovirales	Quintoviricetes	Cossaviricota	Shotokuvirae	Floreoviria
Paulinoviridae	Tubulavirales	Faserviricetes	Hofneiviricota	Loebvirae	Efunaviria
Pecoviridae	Ringavirales	Arfiviricetes	Cressdnaviricota	Shotokuvirae	Floreoviria
Peduoviridae		Caudoviricetes	Uroviricota	Heunggongvirae	Duplodnaviria
Pequenoviridae	Bullavirales	Microviricetes	Phixviricota	Sangervirae	Volvereviria
Peribunyaviridae	Elliovirales	Bunyaviricetes	Negarnaviricota	Orthornavirae	Riboviria
Permutotetraviridae				Orthornavirae	Riboviria
Pervagoviridae		Caudoviricetes	Uroviricota	Heunggongvirae	Duplodnaviria
Pestiviridae	Amarillovirales	Flasuviricetes	Kitrinoviricota	Orthornavirae	Riboviria
Phasmaviridae	Elliovirales	Bunyaviricetes	Negarnaviricota	Orthornavirae	Riboviria
Phenuiviridae	Hareavirales	Bunyaviricetes	Negarnaviricota	Orthornavirae	Riboviria
Phlegiviridae	Ghabrivirales	Chrymotiviricetes	Duplornaviricota	Orthornavirae	Riboviria
Phycodnaviridae	Algavirales	Megaviricetes	Nucleocytoviricota	Bamfordvirae	Varidnaviria
Phypoliviridae	Archintovirales	Aquintoviricetes	Preplasmiviricota	Bamfordvirae	Varidnaviria
Piccoloviridae	Bullavirales	Microviricetes	Phixviricota	Sangervirae	Volvereviria
Pichoviridae	Gokushovirales	Microviricetes	Phixviricota	Sangervirae	Volvereviria
Picobirnaviridae	Durnavirales	Duplopiviricetes	Pisuviricota	Orthornavirae	Riboviria
Picornaviridae	Picornavirales	Pisoniviricetes	Pisuviricota	Orthornavirae	Riboviria
Pieniviridae	Alpavirales	Microviricetes	Phixviricota	Sangervirae	Volvereviria
Pigerviridae	Methanobavirales	Caudoviricetes	Uroviricota	Heunggongvirae	Duplodnaviria
Pikkuviridae	Alpavirales	Microviricetes	Phixviricota	Sangervirae	Volvereviria
Pistolviridae	Ghabrivirales	Chrymotiviricetes	Duplornaviricota	Orthornavirae	Riboviria
Pithoviridae	Pimascovirales	Megaviricetes	Nucleocytoviricota	Bamfordvirae	Varidnaviria
Piticuviridae	Bullavirales	Microviricetes	Phixviricota	Sangervirae	Volvereviria
Pituviridae		Caudoviricetes	Uroviricota	Heunggongvirae	Duplodnaviria
Plasmaviridae					
Plectroviridae	Tubulavirales	Faserviricetes	Hofneiviricota	Loebvirae	Efunaviria
Pleolipoviridae	Haloruvirales	Huolimaviricetes	Saleviricota	Trapavirae	Pleomoviria
Pneumoviridae	Mononegavirales	Monjiviricetes	Negarnaviricota	Orthornavirae	Riboviria
Polycipiviridae	Picornavirales	Pisoniviricetes	Pisuviricota	Orthornavirae	Riboviria
Polydnaviriformidae					
Polymycoviridae	Xenadelphovirales	Mycopleornaviricetes	Pisuviricota	Orthornavirae	Riboviria
Polyomaviridae	Sepolyvirales	Papovaviricetes	Cossaviricota	Shotokuvirae	Floreoviria
Pootjesviridae		Caudoviricetes	Uroviricota	Heunggongvirae	Duplodnaviria
Portogloboviridae					
Pospiviroidae					
Potyliviridae	Patatavirales	Stelpaviricetes	Pisuviricota	Orthornavirae	Riboviria
Potyviridae	Patatavirales	Stelpaviricetes	Pisuviricota	Orthornavirae	Riboviria
Poxviridae	Chitovirales	Pokkesviricetes	Nucleocytoviricota	Bamfordvirae	Varidnaviria
Pseudototiviridae	Ghabrivirales	Chrymotiviricetes	Duplornaviricota	Orthornavirae	Riboviria
Pseudoviridae	Ortervirales	Revtraviricetes	Artverviricota	Pararnavirae	Riboviria
Pungoviridae		Caudoviricetes	Uroviricota	Heunggongvirae	Duplodnaviria
Pyrstoviridae	Kirjokansivirales	Caudoviricetes	Uroviricota	Heunggongvirae	Duplodnaviria
Qinviridae	Muvirales	Chunqiuviricetes	Negarnaviricota	Orthornavirae	Riboviria
Quadriviridae	Ghabrivirales	Chrymotiviricetes	Duplornaviricota	Orthornavirae	Riboviria
Quambiviridae	Crytulvirales	Suforviricetes	Ambiviricota	Orthornavirae	Riboviria
Quasboviridae		Caudoviricetes	Uroviricota	Heunggongvirae	Duplodnaviria
Redondoviridae	Recrevirales	Arfiviricetes	Cressdnaviricota	Shotokuvirae	Floreoviria
Retroviridae	Ortervirales	Revtraviricetes	Artverviricota	Pararnavirae	Riboviria
Rhabdoviridae	Mononegavirales	Monjiviricetes	Negarnaviricota	Orthornavirae	Riboviria
Rhizouliviridae	Ourlivirales	Miaviricetes	Lenarviricota	Orthornavirae	Riboviria
Rhodogtaviriformidae					
Roniviridae	Nidovirales	Pisoniviricetes	Pisuviricota	Orthornavirae	Riboviria
Rountreeviridae		Caudoviricetes	Uroviricota	Heunggongvirae	Duplodnaviria
Rudiviridae	Ligamenvirales	Tokiviricetes	Taleaviricota	Zilligvirae	Adnaviria
Ruviroviridae	Divpevirales	Virophaviricetes	Preplasmiviricota	Bamfordvirae	Varidnaviria
Saffermanviridae		Caudoviricetes	Uroviricota	Heunggongvirae	Duplodnaviria
Saladoviridae		Caudoviricetes	Uroviricota	Heunggongvirae	Duplodnaviria
Salasmaviridae		Caudoviricetes	Uroviricota	Heunggongvirae	Duplodnaviria
Saparoviridae		Caudoviricetes	Uroviricota	Heunggongvirae	Duplodnaviria
Sarkviridae		Caudoviricetes	Uroviricota	Heunggongvirae	Duplodnaviria
Sarthroviridae	Tombendovirales				Riboviria
Satyavativiridae	Adrikavirales	Caudoviricetes	Uroviricota	Heunggongvirae	Duplodnaviria
Schitoviridae		Caudoviricetes	Uroviricota	Heunggongvirae	Duplodnaviria
Schizomimiviridae	Imitervirales	Megaviricetes	Nucleocytoviricota	Bamfordvirae	Varidnaviria
Seadebiviridae		Caudoviricetes	Uroviricota	Heunggongvirae	Duplodnaviria
Secoviridae	Picornavirales	Pisoniviricetes	Pisuviricota	Orthornavirae	Riboviria
Sedoreoviridae	Reovirales	Resentoviricetes	Duplornaviricota	Orthornavirae	Riboviria
Shortaselviridae	Kirjokansivirales	Caudoviricetes	Uroviricota	Heunggongvirae	Duplodnaviria
Simuloviridae	Halopanivirales	Laserviricetes	Dividoviricota	Helvetiavirae	Singelaviria
Sinhaliviridae	Nodamuvirales	Magsaviricetes	Kitrinoviricota	Orthornavirae	Riboviria
Skuldviridae	Atroposvirales	Belvinaviricetes	Produgelaviricota	Abadenavirae	Varidnaviria
Smacoviridae	Cremevirales	Arfiviricetes	Cressdnaviricota	Shotokuvirae	Floreoviria
Soleiviridae	Thumleimavirales	Caudoviricetes	Uroviricota	Heunggongvirae	Duplodnaviria
Solemoviridae	Sobelivirales	Pisoniviricetes	Pisuviricota	Orthornavirae	Riboviria
Solinviviridae	Picornavirales	Pisoniviricetes	Pisuviricota	Orthornavirae	Riboviria
Solspiviridae	Norzivirales	Leviviricetes	Lenarviricota	Orthornavirae	Riboviria
Soropartitiviridae	Durnavirales	Duplopiviricetes	Pisuviricota	Orthornavirae	Riboviria
Speroviridae		Caudoviricetes	Uroviricota	Heunggongvirae	Duplodnaviria
Sphaerolipoviridae	Halopanivirales	Laserviricetes	Dividoviricota	Helvetiavirae	Singelaviria
Spiciviridae	Ghabrivirales	Chrymotiviricetes	Duplornaviricota	Orthornavirae	Riboviria
Spinareoviridae	Reovirales	Resentoviricetes	Duplornaviricota	Orthornavirae	Riboviria
Spiraviridae					
Splipalmiviridae	Wolframvirales	Amabiliviricetes	Lenarviricota	Orthornavirae	Riboviria
Sputniviroviridae	Mividavirales	Virophaviricetes	Preplasmiviricota	Bamfordvirae	Varidnaviria
Stackebrandtviridae		Caudoviricetes	Uroviricota	Heunggongvirae	Duplodnaviria
Stanwilliamsviridae		Caudoviricetes	Uroviricota	Heunggongvirae	Duplodnaviria
Steigviridae	Crassvirales	Caudoviricetes	Uroviricota	Heunggongvirae	Duplodnaviria
Steitzviridae	Timlovirales	Leviviricetes	Lenarviricota	Orthornavirae	Riboviria
Straboviridae	Pantevenvirales	Caudoviricetes	Uroviricota	Heunggongvirae	Duplodnaviria
Sukshmaviridae	Gokushovirales	Microviricetes	Phixviricota	Sangervirae	Volvereviria
Sunviridae	Mononegavirales	Monjiviricetes	Negarnaviricota	Orthornavirae	Riboviria
Suolaviridae		Caudoviricetes	Uroviricota	Heunggongvirae	Duplodnaviria
Suoliviridae	Crassvirales	Caudoviricetes	Uroviricota	Heunggongvirae	Duplodnaviria
Tainaviridae	Secretvirales	Microviricetes	Phixviricota	Sangervirae	Volvereviria
Tectiviridae	Kalamavirales	Tectiliviricetes	Preplasmiviricota	Bamfordvirae	Varidnaviria
Tenebraviridae		Caudoviricetes	Uroviricota	Heunggongvirae	Duplodnaviria
Thalassapleoviridae	Ageovirales	Caminiviricetes	Calorviricota	Trapavirae	Pleomoviria
Thaspiviridae					
Tinaiviridae	Paracrassvirales	Caudoviricetes	Uroviricota	Heunggongvirae	Duplodnaviria
Tobaliviridae	Martellivirales	Alsuviricetes	Kitrinoviricota	Orthornavirae	Riboviria
Tobaniviridae	Nidovirales	Pisoniviricetes	Pisuviricota	Orthornavirae	Riboviria
Togaviridae	Martellivirales	Alsuviricetes	Kitrinoviricota	Orthornavirae	Riboviria
Tolecusatellitidae					
Tombusviridae	Tolivirales	Tolucaviricetes	Kitrinoviricota	Orthornavirae	Riboviria
Tomosaviridae	Tombendovirales				Riboviria
Tonesaviridae					Riboviria
Tosoviridae	Hareavirales	Bunyaviricetes	Negarnaviricota	Orthornavirae	Riboviria
Tospoviridae	Elliovirales	Bunyaviricetes	Negarnaviricota	Orthornavirae	Riboviria
Toyamaviridae		Caudoviricetes	Uroviricota	Heunggongvirae	Duplodnaviria
Trautnerviridae		Caudoviricetes	Uroviricota	Heunggongvirae	Duplodnaviria
Trimbiviridae	Crytulvirales	Suforviricetes	Ambiviricota	Orthornavirae	Riboviria
Tripviridae	Metacrassvirales	Caudoviricetes	Uroviricota	Heunggongvirae	Duplodnaviria
Tristromaviridae	Primavirales	Tokiviricetes	Taleaviricota	Zilligvirae	Adnaviria
Tulasviridae	Elliovirales	Bunyaviricetes	Negarnaviricota	Orthornavirae	Riboviria
Turriviridae	Belfryvirales	Belvinaviricetes	Produgelaviricota	Abadenavirae	Varidnaviria
Tymoviridae	Tymovirales	Alsuviricetes	Kitrinoviricota	Orthornavirae	Riboviria
Umezonoviridae		Caudoviricetes	Uroviricota	Heunggongvirae	Duplodnaviria
Unambiviridae	Crytulvirales	Suforviricetes	Ambiviricota	Orthornavirae	Riboviria
Ungulaviridae	Ligamenvirales	Tokiviricetes	Taleaviricota	Zilligvirae	Adnaviria
Usuviridae	Methanobavirales	Caudoviricetes	Uroviricota	Heunggongvirae	Duplodnaviria
Vandenendeviridae		Caudoviricetes	Uroviricota	Heunggongvirae	Duplodnaviria
Verdandiviridae		Caudoviricetes	Uroviricota	Heunggongvirae	Duplodnaviria
Vertoviridae		Caudoviricetes	Uroviricota	Heunggongvirae	Duplodnaviria
Vilmaviridae		Caudoviricetes	Uroviricota	Heunggongvirae	Duplodnaviria
Vilyaviridae	Cirlivirales	Arfiviricetes	Cressdnaviricota	Shotokuvirae	Floreoviria
Virgaviridae	Martellivirales	Alsuviricetes	Kitrinoviricota	Orthornavirae	Riboviria
Winoviridae		Caudoviricetes	Uroviricota	Heunggongvirae	Duplodnaviria
Wupedeviridae	Hareavirales	Bunyaviricetes	Negarnaviricota	Orthornavirae	Riboviria
Xigoviridae					
Xinmoviridae	Mononegavirales	Monjiviricetes	Negarnaviricota	Orthornavirae	Riboviria
Yadokariviridae	Yadokarivirales		Pisuviricota	Orthornavirae	Riboviria
Yadonushiviridae	Ghabrivirales	Chrymotiviricetes	Duplornaviricota	Orthornavirae	Riboviria
Yamazakiviridae					
Yangangviridae	Juravirales	Caudoviricetes	Uroviricota	Heunggongvirae	Duplodnaviria
Yanlukaviridae	Juravirales	Caudoviricetes	Uroviricota	Heunggongvirae	Duplodnaviria
Yaraviridae		Mriyaviricetes	Nucleocytoviricota	Bamfordvirae	Varidnaviria
Yueviridae	Goujianvirales	Yunchangviricetes	Negarnaviricota	Orthornavirae	Riboviria
Zierdtviridae		Caudoviricetes	Uroviricota	Heunggongvirae	Duplodnaviria
Zimmerviridae		Caudoviricetes	Uroviricota	Heunggongvirae	Duplodnaviria
Zobellviridae		Caudoviricetes	Uroviricota	Heunggongvirae	Duplodnaviria
